user_lot_id,user_id,lot_id,quantity
1,1,1,1600.000000
2,1,2,990.000000
3,1,3,1000.000000
4,1,4,1000.000000
5,1,5,1000.000000
6,2,1,400.000000
7,2,2,1006.000000
8,2,3,1000.000000
9,2,4,1000.000000
10,2,5,1000.000000
